<?xml version='1.0' encoding='utf-8'?>
<HOSTS><GROUP GID="G04"><HOST><HIP>192.168.2.128</HIP><HNAME>agent</HNAME><HUSER>root</HUSER><AUTH_TYPE>1</AUTH_TYPE><HKEY>redhat</HKEY><PORT>22</PORT></HOST></GROUP><GROUP GID="G03"><HOST><HIP>192.168.2.129</HIP><HNAME>ubuntu</HNAME><HUSER>super</HUSER><AUTH_TYPE>1</AUTH_TYPE><HKEY>test</HKEY><PORT>22</PORT></HOST></GROUP><GROUP GID="G02"><HOST><HIP>192.168.2.128</HIP><HNAME>agent</HNAME><HUSER>root</HUSER><AUTH_TYPE>2</AUTH_TYPE><HKEY>12345</HKEY><PORT>22</PORT></HOST></GROUP><GROUP GID="G01"><HOST><HIP>192.168.2.128</HIP><HNAME>agent</HNAME><HUSER>root</HUSER><AUTH_TYPE>1</AUTH_TYPE><HKEY>redhat</HKEY><PORT>22</PORT></HOST><HOST><HIP>192.168.2.129</HIP><HNAME>ubuntu</HNAME><HUSER>super</HUSER><AUTH_TYPE>1</AUTH_TYPE><HKEY>super</HKEY><PORT>22</PORT></HOST></GROUP></HOSTS>
